{
  "train_loss": [
    1.0238845348358154,
    0.7083713412284851,
    0.5773159265518188,
    0.5614687204360962,
    0.5737181901931763,
    0.5750284194946289,
    0.534189760684967,
    0.5007525682449341,
    0.45886847376823425,
    0.44292569160461426,
    0.4363107681274414,
    0.43912097811698914,
    0.4383423924446106,
    0.4343479573726654,
    0.4146663546562195,
    0.3970034718513489,
    0.3950498104095459,
    0.38817349076271057,
    0.38120242953300476,
    0.38171693682670593,
    0.377269446849823,
    0.3711545765399933,
    0.36201536655426025,
    0.35997286438941956,
    0.34989267587661743,
    0.35180383920669556,
    0.3438214063644409,
    0.34405946731567383,
    0.34247782826423645,
    0.338111937046051,
    0.3338010907173157,
    0.3260415494441986,
    0.32494959235191345,
    0.32383668422698975,
    0.3145235478878021,
    0.3062836229801178,
    0.30899202823638916,
    0.3034400939941406,
    0.3000517189502716,
    0.2928955852985382,
    0.2932950556278229,
    0.2969444990158081,
    0.28207725286483765,
    0.2855824828147888,
    0.2810739576816559,
    0.2762763798236847,
    0.2798291742801666
  ],
  "val_loss": [
    1.289743423461914,
    1.2552709579467773,
    1.2159380912780762,
    1.1763736009597778,
    1.1391887664794922,
    1.1054972410202026,
    1.0767933130264282,
    1.0518314838409424,
    1.0279412269592285,
    1.002659559249878,
    0.9712002277374268,
    0.9318102598190308,
    0.8842848539352417,
    0.8322088122367859,
    0.7796531319618225,
    0.7310254573822021,
    0.6884530186653137,
    0.6511150002479553,
    0.6188684105873108,
    0.5902982950210571,
    0.5646735429763794,
    0.5421310067176819,
    0.5228439569473267,
    0.5071424245834351,
    0.49264609813690186,
    0.4772144556045532,
    0.4620290696620941,
    0.4472959637641907,
    0.4307557940483093,
    0.4140377938747406,
    0.3992711305618286,
    0.3864494264125824,
    0.37504056096076965,
    0.3644234836101532,
    0.35591092705726624,
    0.3494092524051666,
    0.34761935472488403,
    0.3513001799583435,
    0.3557538390159607,
    0.35904499888420105,
    0.36094510555267334,
    0.35939255356788635,
    0.35864824056625366,
    0.35157322883605957,
    0.34146586060523987,
    0.3330017328262329,
    0.3291299045085907
  ],
  "train_mae": [
    0.7857151031494141,
    0.6420829892158508,
    0.5800492763519287,
    0.5780940055847168,
    0.5879875421524048,
    0.5890489816665649,
    0.5659330487251282,
    0.5461093783378601,
    0.5196481943130493,
    0.5088040232658386,
    0.5047618746757507,
    0.5051947236061096,
    0.5061296820640564,
    0.5030298829078674,
    0.49510428309440613,
    0.48824411630630493,
    0.4856989085674286,
    0.48174193501472473,
    0.47482436895370483,
    0.4760197401046753,
    0.47216394543647766,
    0.4678969085216522,
    0.4600827097892761,
    0.45864054560661316,
    0.4484969973564148,
    0.4531908631324768,
    0.44541582465171814,
    0.44770219922065735,
    0.44696831703186035,
    0.445589542388916,
    0.44106411933898926,
    0.4360693395137787,
    0.4353662431240082,
    0.43744561076164246,
    0.4309841990470886,
    0.4276364743709564,
    0.4276066720485687,
    0.4209768772125244,
    0.42171308398246765,
    0.41272687911987305,
    0.41618645191192627,
    0.4167153537273407,
    0.4067015051841736,
    0.40810760855674744,
    0.4091324210166931,
    0.401647686958313,
    0.4045340418815613
  ],
  "val_mae": [
    0.9002731442451477,
    0.8902786374092102,
    0.8780320882797241,
    0.8638927340507507,
    0.848838746547699,
    0.8342050313949585,
    0.8208614587783813,
    0.808805525302887,
    0.7976348996162415,
    0.7864379286766052,
    0.7745654582977295,
    0.7612539529800415,
    0.7461393475532532,
    0.7298067212104797,
    0.7127224206924438,
    0.6952521800994873,
    0.6778855919837952,
    0.6605637073516846,
    0.6441267728805542,
    0.6287597417831421,
    0.614944338798523,
    0.6025822162628174,
    0.5917549729347229,
    0.5825408101081848,
    0.5740640163421631,
    0.565350353717804,
    0.5565804243087769,
    0.5477442741394043,
    0.5372698307037354,
    0.5258341431617737,
    0.51474928855896,
    0.504522442817688,
    0.49540701508522034,
    0.48677858710289,
    0.480265349149704,
    0.47504445910453796,
    0.4737931787967682,
    0.47693055868148804,
    0.4802572429180145,
    0.48232901096343994,
    0.4832868278026581,
    0.48149341344833374,
    0.48060351610183716,
    0.474739670753479,
    0.46642163395881653,
    0.45901477336883545,
    0.4547483026981354
  ],
  "learning_rates": [
    0.001,
    0.001,
    0.001,
    0.001,
    0.001,
    0.001,
    0.001,
    0.001,
    0.001,
    0.001,
    0.001,
    0.001,
    0.001,
    0.001,
    0.001,
    0.001,
    0.001,
    0.001,
    0.001,
    0.001,
    0.001,
    0.001,
    0.001,
    0.001,
    0.001,
    0.001,
    0.001,
    0.001,
    0.001,
    0.001,
    0.001,
    0.001,
    0.001,
    0.001,
    0.001,
    0.001,
    0.001,
    0.001,
    0.001,
    0.001,
    0.001,
    0.001,
    0.001,
    0.001,
    0.001,
    0.001,
    0.001
  ]
}